image_name,uncertainty,01_TUMOR,02_STROMA,03_COMPLEX,04_LYMPHO,05_DEBRIS,06_MUCOSA,07_ADIPOSE,08_EMPTY,patch_x,patch_y
SS7534_1_6_1062348.svs_num_0,0.3996854513883591,0.007343412667978555,0.01716439435258508,0.0034638351120520384,0.0017319381102424813,0.05572713203728199,0.0018646881013410165,0.9106714725494385,0.0020330616185674443,118384,28372
SS7534_1_6_1062348.svs_num_1,0.7996465802192688,0.012768207723274827,0.062381227314472196,0.005032886215485632,0.0021236747794318943,0.09524739310145378,0.007164909713901579,0.7909036159515381,0.02437806809321046,118384,31700
SS7534_1_6_1062348.svs_num_2,0.5292572647333145,0.016351004876196385,0.0312005078420043,0.00409985778387636,0.002430679710232653,0.05057591907680035,0.008501136431004853,0.8829513132572174,0.003889535693451762,118640,24532
SS7534_1_6_1062348.svs_num_3,1.087054193019867,0.03462816160172224,0.13955163955688477,0.016959851421415807,0.0029845820274204014,0.11674563586711884,0.010873306589201093,0.6684177458286286,0.009839051403105259,118640,25556
SS7534_1_6_1062348.svs_num_4,0.4898401230573654,0.010505552869290113,0.017599326092749834,0.00394911952316761,0.000894497660920024,0.0662509087473154,0.003978504322003573,0.888677453994751,0.008144690725021064,118640,25812
SS7534_1_6_1062348.svs_num_5,0.6372835159301757,0.017398871155455707,0.03287782557308674,0.004643099498935044,0.0013957979186670854,0.09079703763127327,0.004491913947276771,0.8405231475830078,0.007872274605324492,118640,28372
SS7534_1_6_1062348.svs_num_6,0.7347090184688568,0.01591601283289492,0.05361377038061619,0.008644607942551374,0.003907161236566026,0.10540217459201813,0.00467054971086327,0.8043149530887603,0.003530735068488866,118640,28628
SS7534_1_6_1062348.svs_num_7,0.646346315741539,0.010798339964821935,0.039785582572221756,0.0046719718025997285,0.001579817848323728,0.10941365137696266,0.0031964804307790472,0.8258769810199738,0.004677216065465473,118640,28884
SS7534_1_6_1062348.svs_num_8,0.44483124017715453,0.007507670251652598,0.020431347750127317,0.004322123248130083,0.002071028112550266,0.059731482341885564,0.001943667077284772,0.9001148879528046,0.0038777942070737483,118640,29652
SS7534_1_6_1062348.svs_num_9,1.037193191051483,0.029772274568676947,0.0996873527765274,0.00945323179475963,0.002268463507061824,0.17834968864917755,0.00930274766869843,0.6654067099094391,0.005759512982331216,118896,24532
SS7534_1_6_1062348.svs_num_10,0.835932070016861,0.04024979937821627,0.06146194376051426,0.01664912262931466,0.007047885085921734,0.047314824908971785,0.0244990861043334,0.7982117354869842,0.004565649619325996,118896,24788
SS7534_1_6_1062348.svs_num_11,1.7235486507415771,0.3139598846435547,0.2742701590061188,0.11577840819954872,0.026626609079539777,0.05017909035086632,0.1239538811147213,0.08645904660224915,0.008772921236231922,118896,25556
SS7534_1_6_1062348.svs_num_12,0.3894127577543259,0.006692395824939012,0.015237176045775413,0.0029572403465863316,0.0018845643906388431,0.05122428722679615,0.0012554649583762512,0.9156387925148011,0.005110070365481079,118896,25812
SS7534_1_6_1062348.svs_num_13,0.8128259062767029,0.019577722158282997,0.06216491349041462,0.008974219090305269,0.0017092513415263965,0.13520595282316208,0.003586767101660371,0.7648174405097962,0.003963733615819365,118896,26836
SS7534_1_6_1062348.svs_num_14,0.43521901667118074,0.007955250691156834,0.01632919004186988,0.0018504456675145775,0.0012871803843154338,0.0645899459719658,0.0016315405460773035,0.8997770071029663,0.006579414027510211,118896,27092
SS7534_1_6_1062348.svs_num_15,0.6666272640228271,0.012639061082154512,0.0400982741266489,0.005091282213106752,0.002762962532870006,0.11664014682173729,0.0024685568059794605,0.8178187251091004,0.0024809833383187653,118896,28116
SS7534_1_6_1062348.svs_num_16,0.5753187954425811,0.012997491238638758,0.025712022744119167,0.005332727427594363,0.0017627472494496032,0.09174182265996933,0.002503612976579461,0.8555119633674622,0.0044376626901794225,118896,28372
SS7534_1_6_1062348.svs_num_17,0.6513136893510818,0.013376174168661237,0.03344837035983801,0.00691043419064954,0.003496451411047019,0.10511784330010414,0.0029634971811901777,0.8301632225513458,0.004523965594125911,118896,28628
SS7534_1_6_1062348.svs_num_18,0.8336881697177887,0.012742064101621509,0.07017378360033036,0.007969115581363439,0.0027016760024707763,0.12029312029480935,0.005577190429903567,0.7680186927318573,0.012524407170712949,118896,28884
SS7534_1_6_1062348.svs_num_19,1.2857750415802003,0.03591657634824515,0.18889866918325424,0.01796352043747902,0.0031734740070533006,0.20883094370365143,0.010204307688400149,0.523023647069931,0.011988873034715653,118896,29140
SS7534_1_6_1062348.svs_num_20,0.6307112991809845,0.009545862860977649,0.04107488691806793,0.005643867864273488,0.001254609669558704,0.08370329886674881,0.004759542399551719,0.8442065238952636,0.009811429260298609,118896,29396
SS7534_1_6_1062348.svs_num_21,1.254608952999115,0.021145598124712707,0.15986066907644272,0.009297723090276122,0.0015690055035520345,0.2008795216679573,0.03276737611740828,0.5568514227867126,0.01762868883088231,118896,29652
SS7534_1_6_1062348.svs_num_22,0.4611465632915497,0.007374861894641071,0.01830521086230874,0.0032535463804379107,0.0012415454490110277,0.07168837152421474,0.00316471834667027,0.8912477970123291,0.0037240375939290972,118896,29908
SS7534_1_6_1062348.svs_num_23,0.6400786399841308,0.014220220502465963,0.028411661088466645,0.005682836985215545,0.001932241457689088,0.11221505105495452,0.004382509202696383,0.8296327590942383,0.003522723400965333,118896,30420
SS7534_1_6_1062348.svs_num_24,1.0461279034614563,0.021630117762833835,0.10789700150489807,0.007575494423508644,0.001449325009889435,0.15917382538318633,0.014947990700602532,0.6729736864566803,0.014352575968950987,118896,30932
SS7534_1_6_1062348.svs_num_25,1.5949818968772889,0.05899293310940266,0.3178175359964371,0.014162310492247343,0.008613509638234974,0.11469469293951988,0.18437225818634034,0.2900027558207512,0.011344029102474451,118896,31188
SS7534_1_6_1062348.svs_num_26,1.0303320646286012,0.02207031613215804,0.098161880671978,0.005134285753592848,0.001050477490935009,0.19894010871648787,0.011277674930170178,0.6551696181297302,0.00819564051926136,118896,31444
SS7534_1_6_1062348.svs_num_27,0.3631057471036911,0.005932194291381166,0.012040455685928464,0.0024593585629190786,0.0009289889381761896,0.05013081133365631,0.0006195709604071454,0.9207974553108216,0.007091151841450483,119152,23764
SS7534_1_6_1062348.svs_num_28,1.4000113606452942,0.052340677194297316,0.3618281692266464,0.01887020794674754,0.002060893486486748,0.30992031991481783,0.017920324113219976,0.2332691431045532,0.0037902595358900726,119152,24532
SS7534_1_6_1062348.svs_num_29,0.27105700969696045,0.005945493199396879,0.008279448794201016,0.001300604993593879,0.0021392479564383395,0.03308874387294054,0.0006364444903738331,0.9461324870586395,0.0024775611571385527,119152,24788
SS7534_1_6_1062348.svs_num_30,0.9241087973117829,0.028537999652326108,0.06566017381846904,0.009691037749871612,0.003782074947957881,0.1570270523428917,0.00823559904238209,0.7233351171016693,0.003730917914072052,119152,25044
SS7534_1_6_1062348.svs_num_31,0.6153647661209106,0.015624046744778752,0.03957761749625206,0.0057561750698369,0.0010652471319190226,0.08888773247599602,0.0024248255125712604,0.8433324635028839,0.003331961977528408,119152,25300
SS7534_1_6_1062348.svs_num_32,0.9836142778396606,0.03218590896576643,0.10644471943378449,0.010224335780367255,0.0027821479336125774,0.13748340159654618,0.006513158837333321,0.700028944015503,0.004337357205804438,119152,25812
SS7534_1_6_1062348.svs_num_33,0.452643358707428,0.007505641493480653,0.019742584601044656,0.002814115781802684,0.0007981524442584487,0.06401251032948493,0.002039642893942073,0.8962315797805787,0.006855802843347192,119152,26324
SS7534_1_6_1062348.svs_num_34,0.26604175567626953,0.004036009515402839,0.006800831132568419,0.0015194001258350908,0.0031292601242512317,0.03597730696201325,0.0008352698278031312,0.9459194064140319,0.0017825337577960453,119152,26836
SS7534_1_6_1062348.svs_num_35,1.2425859212875365,0.05101417638361454,0.13779393434524537,0.015376783907413483,0.004110150667838752,0.0972123123705387,0.06058405749499798,0.6237576901912689,0.010150896338745951,119152,27092
SS7534_1_6_1062348.svs_num_36,0.588914754986763,0.011770119029097258,0.031055366992950438,0.005870996532030404,0.002951985568506643,0.08696966543793679,0.0028152195300208405,0.8534204959869385,0.005146186554338783,119152,27348
SS7534_1_6_1062348.svs_num_37,0.8671322345733643,0.019992186687886715,0.07010848522186279,0.012147748377174139,0.0025349031551741064,0.1429033175110817,0.003307725861668587,0.7444903373718261,0.004515245172660798,119152,27604
SS7534_1_6_1062348.svs_num_38,0.9382497191429138,0.020999594964087008,0.09776845499873162,0.012592646852135658,0.004747461387887597,0.12072622254490853,0.007677696598693729,0.7294526875019074,0.006035221950151026,119152,27860
SS7534_1_6_1062348.svs_num_39,1.145255482196808,0.03119244109839201,0.13229849338531494,0.008625690639019013,0.001336716188234277,0.17886567264795303,0.016965922759845854,0.6188416182994843,0.011873408034443856,119152,28116
SS7534_1_6_1062348.svs_num_40,1.2018749475479127,0.033829573541879654,0.21567636281251906,0.019040324445813894,0.006859949184581637,0.10757378563284874,0.015925797587260603,0.5932997167110443,0.00779448626562953,119152,28372
SS7534_1_6_1062348.svs_num_41,1.5213619112968444,0.029479991272091867,0.3346007585525513,0.009641440166160465,0.003836073610000312,0.2512965723872185,0.2116057187318802,0.15284852236509322,0.006690937606617808,119152,28884
SS7534_1_6_1062348.svs_num_42,1.49061918258667,0.02991608325392008,0.2414022147655487,0.007592174783349037,0.002465173922246322,0.23417445719242097,0.10672535821795463,0.3658208578824997,0.011903678299859166,119152,29140
SS7534_1_6_1062348.svs_num_43,1.2804601788520813,0.03389293402433395,0.20212739259004592,0.010125949047505856,0.0030089555686572565,0.1763497695326805,0.01944542909041047,0.5380878984928131,0.016961665940470994,119152,29396
SS7534_1_6_1062348.svs_num_44,0.9379866659641266,0.019246057234704496,0.06236964948475361,0.008816834283061325,0.0016021974923205562,0.22191777378320693,0.005031939200125635,0.6770330369472504,0.0039825039566494524,119152,29652
SS7534_1_6_1062348.svs_num_45,0.8158220589160919,0.016437117615714668,0.05249609053134918,0.008420181693509221,0.001862937423720723,0.1566142812371254,0.004381542420014739,0.7556180238723755,0.004169834713684395,119152,29908
SS7534_1_6_1062348.svs_num_46,1.1778313279151917,0.035801094956696033,0.1231631837785244,0.009882212826050818,0.0016276550915790722,0.2949647784233093,0.007320606242865324,0.5236845940351487,0.003555874479934573,119152,30164
SS7534_1_6_1062348.svs_num_47,1.241978657245636,0.02675934201106429,0.17744014859199525,0.013641604967415333,0.00296982818399556,0.19083600640296935,0.018810231238603592,0.5578524172306061,0.011690450250171125,119152,30420
SS7534_1_6_1062348.svs_num_48,1.3393920183181762,0.02705488186329603,0.28959978818893434,0.006748702609911561,0.0009584387171344133,0.4264103978872299,0.043327512219548225,0.20103812217712402,0.004862150346161798,119152,30676
SS7534_1_6_1062348.svs_num_49,1.47943195104599,0.055988586694002154,0.3052667826414108,0.01567103904671967,0.0032218909967923538,0.19989699125289917,0.04753355979919434,0.3617412060499191,0.010679940646514296,119152,30932
SS7534_1_6_1062348.svs_num_50,1.5327792167663574,0.06736247017979621,0.3340476542711258,0.03226251294836402,0.036114856321364644,0.01166892470791936,0.19823206812143326,0.3126074656844139,0.007704048120649532,119408,23764
SS7534_1_6_1062348.svs_num_51,0.9937565088272095,0.008364715985953808,0.127457657456398,0.034416143968701365,0.05318676643073559,0.01069406964816153,0.024268301390111446,0.7273371279239654,0.014275237824767828,119408,24020
SS7534_1_6_1062348.svs_num_52,0.4079077333211899,0.007042471703607589,0.015333442389965058,0.0026903089368715883,0.0017124732552474598,0.05952674448490143,0.001990773098077625,0.9080891609191895,0.0036145749210845677,119408,24276
SS7534_1_6_1062348.svs_num_53,0.9973937928676605,0.022732752561569213,0.11060145646333694,0.021640778705477714,0.01595294401049614,0.07870307862758637,0.010901983128860593,0.7295091867446899,0.009957863437011837,119408,24532
SS7534_1_6_1062348.svs_num_54,0.2728751331567764,0.0051045664004050195,0.007039845595136285,0.0011501227651024236,0.000947128220286686,0.030876027047634126,0.0014440828635997605,0.9466279089450836,0.006810255709569901,119408,24788
SS7534_1_6_1062348.svs_num_55,0.4360872358083725,0.0068948016269132495,0.01772449230775237,0.0027311434387229383,0.0020243508595740424,0.06287861801683903,0.0024165012349840254,0.9009315490722656,0.004398557881359011,119408,25300
SS7534_1_6_1062348.svs_num_56,0.5521644294261933,0.010045045102015138,0.03879863768815994,0.0068975896807387475,0.0027394320582970976,0.06473693363368511,0.0029018086963333188,0.8704868435859681,0.0033937137864995747,119408,25812
SS7534_1_6_1062348.svs_num_57,0.4321448028087616,0.004527498141396791,0.017562620621174575,0.0043371389620006084,0.0015058428441989235,0.04893685095012188,0.0024392113438807426,0.9071964800357819,0.013494324125349521,119408,26068
SS7534_1_6_1062348.svs_num_58,1.1484436869621277,0.05143422111868858,0.14785173535346985,0.026094298344105482,0.006412103015463799,0.11956005841493607,0.005450230301357805,0.6382663965225219,0.004930908256210387,119408,26324
SS7534_1_6_1062348.svs_num_59,0.4005582958459854,0.00708471720572561,0.015954872593283653,0.0024837103963363917,0.002128380231306437,0.05868924483656883,0.001063509934465401,0.9090746581554413,0.0035208862042054533,119408,26580
SS7534_1_6_1062348.svs_num_60,0.8576247572898865,0.02215863121673465,0.07888243496417999,0.00940466751344502,0.003215547394938767,0.11614093109965325,0.0037148214178159833,0.7589612424373626,0.007521762326359749,119408,26836
SS7534_1_6_1062348.svs_num_61,0.4918158859014511,0.009730499086435885,0.02177984220907092,0.003920479165390134,0.0010758070853626122,0.07541744783520699,0.0015438693051692098,0.8815965771675109,0.004935440904228016,119408,27092
SS7534_1_6_1062348.svs_num_62,0.5588177919387818,0.011176143866032362,0.03340832684189081,0.005006914085242897,0.0023678069941524883,0.08276341147720814,0.001551945850951597,0.8613729655742646,0.0023524207674199714,119408,27348
SS7534_1_6_1062348.svs_num_63,0.6445754945278168,0.011919317860156297,0.037465635873377326,0.00548103116452694,0.0017337789802695624,0.10632253363728524,0.0015856614627409726,0.8296750068664551,0.005817105760797858,119408,27604
SS7534_1_6_1062348.svs_num_64,0.8867052614688873,0.016495043691247702,0.08478652089834213,0.011139485193416477,0.0037766627938253805,0.1394825153052807,0.004813229199498892,0.7364484965801239,0.00305805301759392,119408,27860
SS7534_1_6_1062348.svs_num_65,1.327681589126587,0.050723002105951306,0.0722536500543356,0.018398478906601668,0.006741621065884829,0.04550436772406101,0.22521614134311677,0.5585120558738709,0.02265067594125867,119408,28116
SS7534_1_6_1062348.svs_num_66,0.6871918022632599,0.011150440340861678,0.03780163824558258,0.0053349467227235435,0.0024341793832718395,0.11765184924006462,0.005332461732905358,0.8141297340393067,0.006164769281167537,119408,28884
SS7534_1_6_1062348.svs_num_67,1.49554443359375,0.06395052336156368,0.2852762460708618,0.05158526971936226,0.01704566744156182,0.08860394582152367,0.04222140833735466,0.44315053820610045,0.00816641643177718,119408,29140
SS7534_1_6_1062348.svs_num_68,0.958705472946167,0.018462626822292806,0.07755480334162712,0.016439533419907094,0.007123546954244375,0.09527409225702285,0.013013425562530757,0.7479643881320953,0.02416755147278309,119408,29396
SS7534_1_6_1062348.svs_num_69,0.7129525005817413,0.014521892741322517,0.05864589288830757,0.007892588200047613,0.003123983967816457,0.08689213916659355,0.004550404835026711,0.8176454246044159,0.006727646524086595,119408,29908
SS7534_1_6_1062348.svs_num_70,1.1178930401802063,0.003393199958372861,0.033396754041314126,0.0486198618542403,0.33717780709266665,0.0030985228018835186,0.02872724486514926,0.5379890024662017,0.00759759156499058,119664,23764
SS7534_1_6_1062348.svs_num_71,0.6996216833591461,0.003300907782977447,0.006348148593679071,0.013019723538309335,0.8187554001808166,0.00038545800489373503,0.04954518787562847,0.09110613092780113,0.01753913424909115,119664,24020
SS7534_1_6_1062348.svs_num_72,1.1124812006950378,0.012112519866786898,0.05068284142762423,0.016035819752141835,0.6584210813045501,0.0012700751482043414,0.1306856244802475,0.11683963015675544,0.013952396309468896,119664,24276
SS7534_1_6_1062348.svs_num_73,1.4752471446990967,0.06792615056037903,0.22546660006046296,0.02059246301651001,0.0035280184529256076,0.2270307019352913,0.035110858641564845,0.41054987013339994,0.00979535123333335,119664,24532
SS7534_1_6_1062348.svs_num_74,1.2487536430358888,0.05030856169760227,0.15704863220453263,0.02076743356883526,0.0059163053287193176,0.07631188407540321,0.06025055795907974,0.6195106744766236,0.009885937254875899,119664,24788
SS7534_1_6_1062348.svs_num_75,0.39494826793670657,0.007573579484596848,0.016071882843971253,0.0017210401652846485,0.0007961613620864228,0.05507446639239788,0.0020178411403321663,0.9124428689479828,0.0043021731311455366,119664,25044
SS7534_1_6_1062348.svs_num_76,1.4104768872261046,0.055892006307840345,0.1740546315908432,0.036773954331874845,0.02857084749266505,0.014167917426675558,0.1606437921524048,0.5206430166959762,0.009253810299560428,119664,25812
SS7534_1_6_1062348.svs_num_77,1.184599220752716,0.03657911419868469,0.19171372950077056,0.016313644452020527,0.003775006311479956,0.14787619411945344,0.01063768151216209,0.5881635308265686,0.004941070103086531,119664,26068
SS7534_1_6_1062348.svs_num_78,0.3623001158237457,0.005717363025178201,0.015099852997809648,0.0019679552409797908,0.0016607181816652883,0.04792792946100235,0.0012029868630634155,0.9219928979873657,0.004430303792469203,119664,26324
SS7534_1_6_1062348.svs_num_79,1.1253718972206115,0.039179769530892375,0.13225815147161485,0.02429949538782239,0.005939394060987979,0.15005687326192857,0.005046143033541739,0.6394717037677765,0.0037484295666217805,119664,26580
SS7534_1_6_1062348.svs_num_80,0.55468170940876,0.011746966699138283,0.02823534291237593,0.003617298579774797,0.00194471077847993,0.09176058918237687,0.001453305420000106,0.8585278332233429,0.0027140222606249153,119664,26836
SS7534_1_6_1062348.svs_num_81,0.8423560857772827,0.016175576951354742,0.0663755688816309,0.009508817736059428,0.004177178672398441,0.1429620862007141,0.003246773179853335,0.7530475199222565,0.004506462599965744,119664,27092
SS7534_1_6_1062348.svs_num_82,0.7453361511230469,0.015860751457512378,0.05079044811427593,0.008196505508385599,0.0029820584168192,0.11294096112251281,0.0027512347674928605,0.7993260979652405,0.007151965517550707,119664,27348
SS7534_1_6_1062348.svs_num_83,0.8313262403011322,0.019146250374615193,0.056459180638194086,0.00798666113987565,0.001530435579479672,0.15151316821575164,0.004722397297155112,0.7539145112037658,0.00472740072873421,119664,27604
SS7534_1_6_1062348.svs_num_84,1.306324589252472,0.038243329897522924,0.19173830300569533,0.015182987321168184,0.001951315306359902,0.19357224851846694,0.019680061656981707,0.525251829624176,0.014379890263080597,119664,27860
SS7534_1_6_1062348.svs_num_85,1.2873626232147217,0.05702205188572407,0.1867865726351738,0.03461810369044542,0.01041035052621737,0.1397289052605629,0.0067870223196223375,0.5605704933404922,0.004076531290775165,119664,28116
SS7534_1_6_1062348.svs_num_86,1.1705443382263183,0.04820119850337505,0.1425505645573139,0.019755811989307405,0.00359832514077425,0.14206988364458084,0.009383619832806289,0.6252752482891083,0.009165387693792581,119664,28372
SS7534_1_6_1062348.svs_num_87,0.5774046510457993,0.0008293900431453949,0.006641913225757889,0.0028663307428359987,0.8528000712394714,0.00028631476452574135,0.07811990771442652,0.03747028149664402,0.020985804358497263,119920,24020
SS7534_1_6_1062348.svs_num_88,1.2360482811927795,0.024280729610472916,0.09306547641754151,0.030619153939187526,0.05933453291654587,0.02667809948325157,0.11935568004846572,0.6421717584133149,0.00449456536443904,119920,24276
SS7534_1_6_1062348.svs_num_89,1.3913697600364685,0.04663637727499008,0.14906562864780426,0.038064589351415636,0.028969324380159377,0.029879105836153032,0.12683976367115973,0.5667773663997651,0.013767797080799938,119920,24532
SS7534_1_6_1062348.svs_num_90,0.5669786036014557,0.014880244247615337,0.029955561831593515,0.005520174093544483,0.0021614991099340843,0.06529277116060257,0.004923902696464211,0.8698200106620788,0.00744584840722382,119920,24788
SS7534_1_6_1062348.svs_num_91,0.31487914025783537,0.005043875833507627,0.010106293438002466,0.001942853833315894,0.0015869721959461459,0.037619405426084995,0.0013004708591324743,0.9357459604740143,0.006654155353317037,119920,25300
SS7534_1_6_1062348.svs_num_92,0.5718733489513397,0.013456126302480697,0.03132057953625918,0.005100235668942332,0.0028944925245014018,0.08221058920025826,0.0026975977933034303,0.8593550145626068,0.0029653488876647317,119920,25556
SS7534_1_6_1062348.svs_num_93,0.8794465124607086,0.02286676401272416,0.10212931111454963,0.012562728486955166,0.004297542717540637,0.09477405101060868,0.005059346195776015,0.753414922952652,0.004895260516786948,119920,25812
SS7534_1_6_1062348.svs_num_94,0.3524917960166931,0.008290081447921694,0.012594813155010343,0.0028967814869247377,0.0011240117775741965,0.0413620175793767,0.002403432758001145,0.9272951185703278,0.004033813794376328,119920,26068
SS7534_1_6_1062348.svs_num_95,0.7551547765731812,0.03796437699347734,0.03551426138728857,0.007775272196158767,0.0022064108641643545,0.10726104900240899,0.006473777256906033,0.7994855284690857,0.0033192544331541287,119920,26324
SS7534_1_6_1062348.svs_num_96,0.5638764500617981,0.013727926975116133,0.03430531546473503,0.004251536261290312,0.001095935350531363,0.07403779327869416,0.004364592541242019,0.8645351827144623,0.003681761468760669,119920,26580
SS7534_1_6_1062348.svs_num_97,1.1353392004966736,0.038605932332575324,0.1418985091149807,0.018850959558039903,0.0028934341797139497,0.15971597880125046,0.0074112669681198895,0.6258096396923065,0.004814273421652615,119920,26836
SS7534_1_6_1062348.svs_num_98,1.3650598883628846,0.06094745881855488,0.2378079801797867,0.027619387581944467,0.005379966134205461,0.17167337834835053,0.013043300714343786,0.4798007756471634,0.003727749933023006,119920,27092
SS7534_1_6_1062348.svs_num_99,0.8944263100624085,0.019478539936244488,0.08013881519436836,0.01056156475096941,0.001871231250697747,0.12332026064395904,0.0063837815541774035,0.7468588888645172,0.01138689573854208,119920,27348
SS7534_1_6_1062348.svs_num_100,0.6720667839050293,0.008170371688902379,0.03923756740987301,0.0054805628722533585,0.0014239249605452642,0.09670591503381729,0.004495776968542487,0.8286328494548798,0.015853008767589927,119920,27604
SS7534_1_6_1062348.svs_num_101,1.0537284195423127,0.02336268238723278,0.11447566598653794,0.013033975940197706,0.004465900105424225,0.12186619937419892,0.009573649754747749,0.6905250132083893,0.0226968789473176,119920,27860
SS7534_1_6_1062348.svs_num_102,1.0464664220809936,0.029561930894851686,0.1147351861000061,0.022413983196020126,0.005086058430606499,0.14898888170719146,0.0036715718975756317,0.6720898389816284,0.003452548565110192,119920,28116
SS7534_1_6_1062348.svs_num_103,0.40247853100299835,0.007104341220110655,0.015600881353020669,0.002471898775547743,0.0010375575031503104,0.057841253280639646,0.0017169038255815394,0.9098614156246185,0.004365771112497896,119920,29140
SS7534_1_6_1062348.svs_num_104,1.620973491668701,0.06648230850696564,0.07693944983184338,0.07921799048781394,0.23748243749141693,0.009549304842948914,0.13271610364317893,0.39056354463100434,0.007048841833602637,120176,24020
SS7534_1_6_1062348.svs_num_105,1.6730480194091797,0.13427461683750153,0.2336432605981827,0.024142848886549474,0.00724587517324835,0.09821012914180756,0.31987967491149905,0.17053757160902022,0.012066020024940371,120176,24276
SS7534_1_6_1062348.svs_num_106,0.34719440042972566,0.009646247077034787,0.011775042256340384,0.0019970736029790714,0.0020426236684215836,0.04317513126879931,0.001953306327050086,0.9266226887702942,0.0027878928998688935,120176,24532
SS7534_1_6_1062348.svs_num_107,0.6107142627239227,0.013368301861919462,0.033430613949894904,0.0036302049411460757,0.0014451128678047097,0.10113176107406616,0.002580691664479673,0.8399074375629425,0.004505907086422667,120176,24788
SS7534_1_6_1062348.svs_num_108,0.863687789440155,0.01443141750060022,0.07684683054685593,0.00692555932328105,0.0017407292718417012,0.1339947335422039,0.007197542046196759,0.7490317285060882,0.009831412276253105,120176,25044
SS7534_1_6_1062348.svs_num_109,0.9195390224456788,0.02336895763874054,0.07921909987926483,0.009495397075079381,0.002127103484235704,0.13938588425517082,0.007333835260942579,0.7309037625789643,0.008165966533124448,120176,25300
SS7534_1_6_1062348.svs_num_110,0.546216857433319,0.014831425808370113,0.02565723955631256,0.004429922485724091,0.0030369522952241822,0.06541167199611664,0.003748869596165605,0.8748870253562927,0.007996873557567596,120176,25556
SS7534_1_6_1062348.svs_num_111,0.7509016394615173,0.017669153306633233,0.06692316085100174,0.011260573798790575,0.005217406793963164,0.08422072008252143,0.0030428241880144924,0.8063216149806977,0.005344551207963377,120176,25812
SS7534_1_6_1062348.svs_num_112,0.3546622782945633,0.007168328436091542,0.015490434784442186,0.0038680008030496536,0.0011052218840632122,0.03508081678301096,0.0018405874143354595,0.9288125991821289,0.00663399564800784,120176,26068
SS7534_1_6_1062348.svs_num_113,0.5246858805418014,0.012116004712879658,0.02268494591116905,0.005630408972501754,0.0012333614358794875,0.07930956408381462,0.0024650567676872013,0.873385238647461,0.0031754344468936323,120176,26324
SS7534_1_6_1062348.svs_num_114,0.5942323088645936,0.01752611408010125,0.033642861805856225,0.005063320556655526,0.001033256872324273,0.07652913853526115,0.005166594195179642,0.8563887357711792,0.004649963218253106,120176,26580
SS7534_1_6_1062348.svs_num_115,1.346002721786499,0.04746070094406605,0.2643459185957909,0.023789688106626274,0.003367337747476995,0.17293297052383422,0.011676710145547987,0.46883983314037325,0.007586830062791705,120176,26836
SS7534_1_6_1062348.svs_num_116,1.750805926322937,0.11703395023941994,0.27176185995340346,0.1256043627858162,0.06469429247081279,0.043930242955684665,0.06508748084306717,0.30139002203941345,0.010497782472521066,120176,27092
SS7534_1_6_1062348.svs_num_117,1.2502144694328308,0.04624427892267704,0.20155139714479448,0.03892496302723884,0.013437489420175553,0.07575062289834023,0.015567995887249709,0.6002597153186798,0.008263552514836191,120176,27348
SS7534_1_6_1062348.svs_num_118,0.8513331115245819,0.014153887005522846,0.08356243073940277,0.005009469098877162,0.001964416494502075,0.15341454446315766,0.0035503322840668263,0.7351524829864502,0.003192401147680357,120176,27604
SS7534_1_6_1062348.svs_num_119,0.6759682893753052,0.014937252504751086,0.04348009191453457,0.005439714272506535,0.0026410869439132513,0.08209726437926293,0.003984377847518772,0.8337438881397248,0.013676302786916495,120176,27860
SS7534_1_6_1062348.svs_num_120,0.8985822856426239,0.01966662360355258,0.0819670431315899,0.009956061374396086,0.0018137676175683736,0.13828009143471717,0.004008833016268909,0.7353080928325653,0.008999437279999255,120176,28116
SS7534_1_6_1062348.svs_num_121,1.2628499031066895,0.04471406321972608,0.18273068070411683,0.021454449510201812,0.004027611151104793,0.20870100557804108,0.006584984948858619,0.5282422482967377,0.003544953791424632,120176,28372
SS7534_1_6_1062348.svs_num_122,1.243201243877411,0.024998082779347897,0.16498843133449553,0.019550115894526245,0.005177256977185607,0.15946780741214753,0.013751629367470741,0.5881205797195435,0.023946152813732625,120176,28628
SS7534_1_6_1062348.svs_num_123,0.9441490530967712,0.029034249484539032,0.08219028636813164,0.018649426847696306,0.01005362467840314,0.0894196055829525,0.011848162207752467,0.7512753069400787,0.0075293339788913725,120176,29140
SS7534_1_6_1062348.svs_num_124,1.429503071308136,0.04896145984530449,0.3305561184883118,0.03147590421140194,0.0041195078403688965,0.1701527327299118,0.017869126331061125,0.3855982691049576,0.011266835359856486,120176,29908
SS7534_1_6_1062348.svs_num_125,1.6785574913024903,0.153968346118927,0.13202805072069168,0.028200185298919676,0.008503493526950479,0.06768565848469735,0.25521651059389117,0.32957650125026705,0.024821261316537856,120176,30676
SS7534_1_6_1062348.svs_num_126,0.563985475897789,0.0072741715994197875,0.024646065663546324,0.008757305517792701,0.02424824107438326,0.021272177435457708,0.01881650243885815,0.8835077822208405,0.011477758642286062,120176,31700
SS7534_1_6_1062348.svs_num_127,1.018270206451416,0.031244777143001556,0.08818363845348358,0.007840015785768628,0.001957878959365189,0.17004913091659546,0.010250147990882396,0.6817968726158142,0.008677545608952642,120176,31956
SS7534_1_6_1062348.svs_num_128,0.7884979248046875,0.015176564105786383,0.062439043447375296,0.006850466609466821,0.002408637694315985,0.11958800926804543,0.005668877647258342,0.7815038919448852,0.006364510371349752,120432,23764
SS7534_1_6_1062348.svs_num_129,0.5305203884840012,0.010530126420781017,0.025087666139006613,0.004458392970263958,0.004224839917151257,0.07205124348402023,0.0028999669972108676,0.8752485692501069,0.005499215965392068,120432,24788
SS7534_1_6_1062348.svs_num_130,1.5186824440956115,0.09261208176612853,0.3608481526374817,0.05392225831747055,0.009519690158776939,0.1365819826722145,0.01746271951124072,0.32345556318759916,0.005597531422972679,120432,25044
SS7534_1_6_1062348.svs_num_131,0.8308102369308472,0.015964470524340867,0.0667866513133049,0.007941127405501902,0.0030029316316358746,0.09828861206769943,0.007997364550828934,0.7818550229072571,0.018163810577243568,120432,25300
SS7534_1_6_1062348.svs_num_132,0.5695990324020386,0.011535391816869378,0.02889725137501955,0.005203384382184595,0.003169586385774892,0.07766796201467514,0.003103576775174588,0.8635850608348846,0.006837804411770776,120432,25556
SS7534_1_6_1062348.svs_num_133,0.4716545879840851,0.00926466946839355,0.024068019539117812,0.003855296003166586,0.002096919898758642,0.06319489255547524,0.0016451622534077615,0.891780161857605,0.004094886919483542,120432,25812
SS7534_1_6_1062348.svs_num_134,0.3917262464761734,0.007007686945144087,0.014805397391319275,0.0024942946096416564,0.0007961605759192025,0.0609388068318367,0.001298501335986657,0.9103347837924958,0.0023243690360686743,120432,26068
SS7534_1_6_1062348.svs_num_135,0.5259288638830185,0.014017597772181034,0.026962404884397984,0.004932157346047461,0.0017683716665487736,0.0695779237896204,0.0026034407259430737,0.8760806322097778,0.004057518258923665,120432,26324
SS7534_1_6_1062348.svs_num_136,0.7189100861549378,0.015016465680673718,0.052044118940830233,0.008238202868960797,0.004259391012601555,0.06593782305717469,0.005788822472095489,0.8284289181232453,0.0202862536534667,120432,26580
SS7534_1_6_1062348.svs_num_137,0.4449495315551758,0.008035096619278193,0.019125147257000208,0.003394489851780236,0.0016121493819809985,0.061306682974100114,0.002640895952936262,0.8994390070438385,0.004446557856863364,120432,26836
SS7534_1_6_1062348.svs_num_138,0.9730771899223327,0.021965556032955646,0.07988643199205399,0.02821563705801964,0.026008231099694967,0.012893141340464353,0.0705789066851139,0.7512968838214874,0.009155200375244022,120432,27092
SS7534_1_6_1062348.svs_num_139,1.4975911617279052,0.029766851337626576,0.311481411755085,0.01955298399552703,0.09507563374936581,0.0012346746399998665,0.26809590607881545,0.2668859601020813,0.007906585314776749,120432,27348
SS7534_1_6_1062348.svs_num_140,1.655387544631958,0.07248642891645432,0.3152517959475517,0.05571118928492069,0.22239806354045868,0.0005117343011079356,0.16399709060788153,0.16133837923407554,0.0083053169073537,120432,27604
SS7534_1_6_1062348.svs_num_141,1.5492850065231323,0.048056574910879134,0.36177224963903426,0.03307745698839426,0.1523257426917553,0.0004458287672605366,0.1366570495069027,0.25984288305044173,0.007822197800851426,120432,27860
SS7534_1_6_1062348.svs_num_142,1.4998324751853942,0.04442158881574869,0.38735402226448057,0.03268993170931935,0.0917667455971241,0.0018461759653291665,0.141153983771801,0.2916551440954208,0.00911240252899006,120432,28116
SS7534_1_6_1062348.svs_num_143,1.4896027207374574,0.021713166125118734,0.30489603877067567,0.017198146763257684,0.13120059669017792,0.0006805702621932141,0.21521857082843782,0.30011463910341263,0.008978264726465568,120432,28372
SS7534_1_6_1062348.svs_num_144,1.6242135882377624,0.06408071704208851,0.18717147409915924,0.061462844163179396,0.10746106654405593,0.0034263507230207326,0.16950267627835275,0.39297305047512054,0.01392179848626256,120432,29140
SS7534_1_6_1062348.svs_num_145,1.0003642737865448,0.014415696635842324,0.07114481143653392,0.006036489945836365,0.05550642367452383,0.002382418204797432,0.6940339922904968,0.15273392871022223,0.0037462276173755526,120432,29652
SS7534_1_6_1062348.svs_num_146,1.25071120262146,0.02492250520735979,0.13406437933444976,0.01782277747988701,0.00526952319778502,0.11000868454575538,0.030391905829310416,0.6262535154819489,0.0512666966766119,120432,29908
SS7534_1_6_1062348.svs_num_147,1.123269122838974,0.00881853890605271,0.09249606691300868,0.03007208425551653,0.6459157466888428,0.0002473954256856814,0.052912361547350885,0.16159028708934783,0.007947523053735495,120432,30164
SS7534_1_6_1062348.svs_num_148,1.3184148907661437,0.04065255392342806,0.5359782755374909,0.024790795613080265,0.10661436021327972,0.001420215395046398,0.06642278507351876,0.21767473816871644,0.0064463221526239066,120432,30420
SS7534_1_6_1062348.svs_num_149,1.3081628918647765,0.0671157855540514,0.46855421364307404,0.011220492422580719,0.03552316110581159,0.0046837404137477275,0.32297803908586503,0.0846309371292591,0.005293609533691779,120432,30676
SS7534_1_6_1062348.svs_num_150,1.4822532415390015,0.03610561890527606,0.36551780700683595,0.024977740552276372,0.14003147706389427,0.0003569046311895363,0.13560450002551078,0.2915650993585587,0.005840856826398522,120432,30932
SS7534_1_6_1062348.svs_num_151,1.4191014051437378,0.014047832228243351,0.20782391652464866,0.013687366852536798,0.10371210053563118,0.0008597939653554931,0.3739630520343781,0.2796211108565331,0.00628482530155452,120432,31188
SS7534_1_6_1062348.svs_num_152,1.4646185040473938,0.0473089225590229,0.4486950546503067,0.040108594484627245,0.15630131289362909,0.001197602806496434,0.06449891738593579,0.23244365453720092,0.009445959748700262,120432,31444
SS7534_1_6_1062348.svs_num_153,1.497358238697052,0.028276196541264655,0.3002189412713051,0.041498765163123605,0.2700263649225235,0.0005148763881152263,0.06543718501925469,0.28533065766096116,0.008697032189229504,120432,31700
SS7534_1_6_1062348.svs_num_154,1.4535822033882142,0.03150993082672358,0.4373490959405899,0.03482895735651255,0.09589604809880256,0.0007589551969431341,0.14172572419047355,0.2504358753561974,0.007495409599505365,120432,31956
SS7534_1_6_1062348.svs_num_155,1.5027062177658081,0.05541449235752225,0.354239359498024,0.029433380626142026,0.10049384310841561,0.00034134460729546846,0.125208880007267,0.3250718519091606,0.009796865635144059,120432,32212
SS7534_1_6_1062348.svs_num_156,1.3581706047058106,0.037879429291933775,0.40814897119998933,0.025285878498107196,0.09046822972595692,0.0011299856036202983,0.07080512177199125,0.36007852852344513,0.006203880850807764,120432,32468
SS7534_1_6_1062348.svs_num_157,1.3869964122772216,0.02919015083462,0.30962940454483034,0.037479296885430814,0.20324336737394333,0.001239486849954119,0.025929042836651206,0.38740124106407164,0.005888038006378338,120432,32724
SS7534_1_6_1062348.svs_num_158,1.1532679736614226,0.019475956866517662,0.22513334155082704,0.030817118287086488,0.02730834474787116,0.01108768149279058,0.04854927435517311,0.623058694601059,0.014569532312452792,120432,32980
SS7534_1_6_1062348.svs_num_159,0.9164587616920471,0.023786053527146578,0.153061118721962,0.008105962490662932,0.004239495603542309,0.06438912227749824,0.01294443872757256,0.7291480481624604,0.004325769422575831,120432,33236
SS7534_1_6_1062348.svs_num_160,0.5782576739788056,0.03159190434962511,0.03037167266011238,0.006474414165131748,0.0015586988884024322,0.037111997790634635,0.011713028699159623,0.8745590209960937,0.006619272427633405,120432,33492
SS7534_1_6_1062348.svs_num_161,1.2305055260658264,0.07105896510183811,0.0981602467596531,0.022660774178802967,0.0060020723612979054,0.06760354936122895,0.06451972760260105,0.6541614949703216,0.015833171270787715,120432,33748
SS7534_1_6_1062348.svs_num_162,0.9460030019283294,0.021252227947115898,0.14107610136270524,0.011769769992679358,0.008340081537608058,0.07118268087506294,0.009905908210203051,0.7283230125904083,0.008150161965750158,120432,34004
SS7534_1_6_1062348.svs_num_163,1.2560134649276733,0.014067644951865077,0.030107890814542772,0.03458347283303738,0.2990285694599152,0.00567423477768898,0.09992110393941403,0.5115358114242554,0.005081285047344864,120688,23508
SS7534_1_6_1062348.svs_num_164,0.5748432636260986,0.012297944352030753,0.03525494281202555,0.004612708813510835,0.001751731194963213,0.07807278111577035,0.0018382813635980711,0.8600210011005401,0.006150536250788719,120688,25044
SS7534_1_6_1062348.svs_num_165,1.4875298500061036,0.05079542025923729,0.20532937347888947,0.055860577151179314,0.048246835358440876,0.06669463850557804,0.05696361921727657,0.5103570640087127,0.0057524885050952435,120688,25300
SS7534_1_6_1062348.svs_num_166,0.9520159423351288,0.010052294586785138,0.061076889559626577,0.01969008194282651,0.037148915138095616,0.013869241531938314,0.11468029581010342,0.7389043152332306,0.004577962914481759,120688,25556
SS7534_1_6_1062348.svs_num_167,1.062137246131897,0.0173673702403903,0.07292439453303814,0.030306298471987247,0.024201887473464013,0.026612686552107336,0.07981551438570023,0.726962149143219,0.02180967917665839,120688,25812
SS7534_1_6_1062348.svs_num_168,0.41119116842746734,0.004243299993686378,0.015230168495327235,0.0029564725322416053,0.0014602706185542047,0.05195408947765827,0.0024530227194190955,0.9108453571796418,0.010857311706058682,120688,26068
SS7534_1_6_1062348.svs_num_169,0.6850290119647979,0.009892010176554323,0.04341573156416416,0.005419845739379525,0.0036109089036472143,0.06819749698042869,0.006216635671444237,0.8369605898857116,0.026286770589649677,120688,26324
SS7534_1_6_1062348.svs_num_170,0.5819371223449707,0.014132862817496062,0.03944341745227575,0.006620598118752241,0.003991090040653944,0.033287637680768964,0.02047459427267313,0.87488654255867,0.007163247955031693,120688,26580
SS7534_1_6_1062348.svs_num_171,1.4852951645851136,0.025346821825951337,0.23949189633131027,0.03735298803076148,0.330321004986763,0.0004101301030459581,0.07098168469965457,0.28885316401720046,0.0072423035511747,120688,26836
SS7534_1_6_1062348.svs_num_172,1.580962562561035,0.11253519579768181,0.15041519850492477,0.07002396807074547,0.44809171855449675,0.0004781134819495492,0.11295771114528179,0.09408948495984078,0.011408643168397247,120688,27092
SS7534_1_6_1062348.svs_num_173,0.5646893292665481,0.005868926108814776,0.02286221100948751,0.015463004680350423,0.8705309212207795,3.1525485121619566e-05,0.0163177385693416,0.05144467419013381,0.017480982100823893,120688,27348
SS7534_1_6_1062348.svs_num_174,0.3261412218213081,0.0007173474339651875,0.009762634243816137,0.007576270145364106,0.9348388552665711,2.4208685701410104e-05,0.006438655633246526,0.022136046923696993,0.018505994440056385,120688,27604
SS7534_1_6_1062348.svs_num_175,0.4723394215106964,0.005594066879712045,0.00834249226609245,0.01440712814219296,0.901910948753357,0.00015905974323686677,0.029773110896348952,0.027906056493520737,0.01190715106204152,120688,27860
SS7534_1_6_1062348.svs_num_176,0.692925649881363,0.010586429620161653,0.04966276660561562,0.017357593588531017,0.835960453748703,0.00019958360499003903,0.04596726493909955,0.029085189942270516,0.011180671979673207,120688,28116
SS7534_1_6_1062348.svs_num_177,1.5330625772476196,0.06201586611568928,0.4358995646238327,0.06228004172444344,0.21888740509748458,0.0008105674263788387,0.056208936497569084,0.14900094345211984,0.014896695083007217,120688,28372
SS7534_1_6_1062348.svs_num_178,1.4020395040512086,0.0371531430631876,0.49294039607048035,0.03742695543915033,0.165010716766119,0.0022126269002910705,0.06080916654318571,0.1970442548394203,0.007402756076771766,120688,28628
SS7534_1_6_1062348.svs_num_179,1.3598079919815063,0.008539248700253665,0.14953057914972306,0.023355045448988677,0.09108592793345452,0.0007857393553422298,0.29204855114221573,0.427456921339035,0.007197978650219738,120688,28884
SS7534_1_6_1062348.svs_num_180,1.4852092266082764,0.03876857329159975,0.42859144806861876,0.037760726548731326,0.11893379092216491,0.0010579388414043932,0.11426755413413048,0.25263778418302535,0.007982190023176372,120688,29140
SS7534_1_6_1062348.svs_num_181,1.566829264163971,0.05923824030905962,0.39307606816291807,0.033339470345526936,0.10627014338970184,0.001618054450955242,0.15843681544065474,0.23367468863725663,0.014346496877260506,120688,29396
SS7534_1_6_1062348.svs_num_182,1.4423165202140809,0.023888548370450735,0.38966106474399564,0.020228274166584015,0.08091620877385139,0.00190168549597729,0.17463575899600983,0.2972787141799927,0.011489762202836573,120688,29652
SS7534_1_6_1062348.svs_num_183,1.4829954028129577,0.04706107322126627,0.45790967643260955,0.041143793053925036,0.11375304907560349,0.0013064391649095341,0.1032324779778719,0.22467023730278016,0.010923247880418785,120688,29908
SS7534_1_6_1062348.svs_num_184,1.5827067732810973,0.06141997762024402,0.32919842600822447,0.0392723087221384,0.09081858359277248,0.0007688162848353385,0.2091306984424591,0.2612131923437119,0.008177994296420365,120688,30164
SS7534_1_6_1062348.svs_num_185,1.3522364020347595,0.0382969556376338,0.13947610929608345,0.043479863181710245,0.5464667499065399,0.0009647640632465482,0.15027664452791215,0.07493318393826484,0.006105719157494605,120688,30420
SS7534_1_6_1062348.svs_num_186,1.5192940831184387,0.08337073735892772,0.4756390184164047,0.05081826113164425,0.171902859210968,0.0015027271583676338,0.1146950215101242,0.09034002982079983,0.01173134206328541,120688,30676
SS7534_1_6_1062348.svs_num_187,1.6589911818504333,0.08988904394209385,0.3216093271970749,0.05873894561082125,0.25322500318288804,0.0008371443109354004,0.15092750042676925,0.11360991969704629,0.011163131101056933,120688,30932
SS7534_1_6_1062348.svs_num_188,1.401464855670929,0.07508598864078522,0.169878788292408,0.07127048075199127,0.5395935028791428,0.000596923207922373,0.08954006060957909,0.04320490295067429,0.010829353658482432,120688,31188
SS7534_1_6_1062348.svs_num_189,1.5757706999778747,0.07394300252199174,0.4334179997444153,0.05313967019319534,0.14334061816334726,0.0013607453933218495,0.11101822629570961,0.17167926728725433,0.012100459286011755,120688,31444
SS7534_1_6_1062348.svs_num_190,1.5037246704101563,0.030373434349894524,0.36561572551727295,0.040650568529963495,0.2758340835571289,0.0011539360450115055,0.07321554496884346,0.2044278137385845,0.008728912146762014,120688,31700
SS7534_1_6_1062348.svs_num_191,0.29666424095630645,0.0007099752398062265,0.004442911245860159,0.0048402824410004545,0.9409675657749176,4.801148241995179e-06,0.013088859662821051,0.020170198241248726,0.015775444271275772,120688,31956
SS7534_1_6_1062348.svs_num_192,0.5684858351945877,0.00058066476995009,0.01082244454883039,0.007698993338271976,0.8460491061210632,5.368927579780802e-05,0.013148035518679536,0.10682260356843472,0.014824454998597502,120688,32212
SS7534_1_6_1062348.svs_num_193,0.4814994722604752,0.0011813344412075822,0.006485696625895798,0.011410819832235575,0.8889001607894897,6.27754317633844e-05,0.014570871309842914,0.06069096364080906,0.016697340924292804,120688,32468
SS7534_1_6_1062348.svs_num_194,1.0929938197135924,0.0070766348741017285,0.05476752165704966,0.027963903546333314,0.6029674708843231,0.00018637320490597631,0.034530615666881204,0.26266191005706785,0.009845600789412856,120688,32724
SS7534_1_6_1062348.svs_num_195,1.437440025806427,0.02424092246219516,0.32651993036270144,0.027556355111300945,0.1652236856520176,0.0004853681079111993,0.07827077060937881,0.36876859962940217,0.00893436032347381,120688,32980
SS7534_1_6_1062348.svs_num_196,1.3063299059867859,0.023754238663241268,0.2375614747405052,0.024430422112345695,0.17526577338576316,0.00033550468342582465,0.04113848572596908,0.4929184913635254,0.004595602420158685,120688,33236
SS7534_1_6_1062348.svs_num_197,1.3725121855735778,0.03803847637027502,0.36658570170402527,0.024877467565238474,0.13311178907752036,0.00032886349226828314,0.04426993137458339,0.385291263461113,0.00749651255318895,120688,33492
SS7534_1_6_1062348.svs_num_198,1.4562232136726379,0.06577530577778816,0.4187076956033707,0.032634509494528174,0.09207581169903278,0.0012760195691953412,0.08165706507861614,0.2985309839248657,0.009342616010690108,120688,33748
SS7534_1_6_1062348.svs_num_199,0.6486346244812011,0.020281819719821216,0.04342029914259911,0.010772093175910413,0.005794726428575814,0.01621883036568761,0.03337475433945656,0.8582465052604675,0.011891001649200917,120688,34004
